{
  "room": {
    "inputPath": "rohan/car.glb",
    "upAxis": "Y-up",
    "horizontalFaceCount": 923,
    "surfaceCount": 236
  },
  "planner": {
    "objectScaleBias": 1,
    "requestedObjects": 22
  },
  "placements": [
    {
      "center": [-46.445529963986004, 67.03530120849611, -143.73874981910515],
      "footprintHalfExtents": [11.832431945800781, 8.241123578999593],
      "id": "duck-1",
      "inputPath": "rohan/Duck.glb",
      "surfaceIndex": 50,
      "position": [-48.367668118561234, 65.61531415183202, -143.2094028371209],
      "scale": 14.300878091169828,
      "yaw": 0,
      "supportNormal": [0, 1, 0],
      "centroidDistance": 0.44999999999998685,
      "worldAabbMin": [-58.27796190978679, 67.03530120849611, -151.97987339810476],
      "worldAabbMax": [-34.61309801818523, 89.06446360836512, -135.49762624010557]
    },
    {
      "center": [-75.07805602736022, 43.29843393961588, 44.686701565743554],
      "footprintHalfExtents": [10.155977783203125, 7.073496670872842],
      "id": "duck-2",
      "inputPath": "rohan/Duck.glb",
      "surfaceIndex": 11,
      "position": [-76.72785992934175, 42.07963487396527, 45.14104909237739],
      "scale": 12.274687134436569,
      "yaw": 0,
      "supportNormal": [0, 1, 0],
      "centroidDistance": 0.44999999999999757,
      "worldAabbMin": [-85.23403381056335, 43.29843393961588, 37.61320489487071],
      "worldAabbMax": [-64.92207824415709, 62.20643906826926, 51.7601982366164]
    },
    {
      "center": [-18.093637563668132, 43.42446645100911, 4.935550342963631],
      "footprintHalfExtents": [10.155972290039061, 7.073492844960798],
      "id": "duck-3",
      "inputPath": "rohan/Duck.glb",
      "surfaceIndex": 12,
      "position": [-19.743440573303925, 42.20566804458239, 5.389897623850031],
      "scale": 12.27468049530524,
      "yaw": 0,
      "supportNormal": [0, 1, 0],
      "centroidDistance": 0.5499999999999989,
      "worldAabbMin": [-28.24960985370719, 43.42446645100911, -2.137942501997167],
      "worldAabbMax": [-7.9376652736290705, 62.33246135270291, 12.00904318792443]
    },
    {
      "center": [-73.27856834569822, 119.1061350504557, 81.04689305443893],
      "footprintHalfExtents": [9.761411819458008, 6.7986869882830705],
      "id": "duck-4",
      "inputPath": "rohan/Duck.glb",
      "surfaceIndex": 152,
      "position": [-74.86427635455438, 117.93468707577985, 81.48358890109193],
      "scale": 11.79780801336574,
      "yaw": 0,
      "supportNormal": [0, 1, 0],
      "centroidDistance": 0.450000000000004,
      "worldAabbMin": [-83.03998016515622, 119.1061350504557, 74.24820606615586],
      "worldAabbMax": [-63.51715652624021, 137.27955258692043, 87.84558004272199]
    },
    {
      "center": [-19.656844329805114, 121.95236714680988, 69.7520408327169],
      "footprintHalfExtents": [9.761411819458008, 6.7986869882830705],
      "id": "duck-5",
      "inputPath": "rohan/Duck.glb",
      "surfaceIndex": 176,
      "position": [-21.242552338661277, 120.78091917213402, 70.18873667936991],
      "scale": 11.79780801336574,
      "yaw": 0,
      "supportNormal": [0, 1, 0],
      "centroidDistance": 0.3499999999999988,
      "worldAabbMin": [-29.418256149263122, 121.95236714680988, 62.95335384443383],
      "worldAabbMax": [-9.895432510347105, 140.1257846832746, 76.55072782099997]
    },
    {
      "center": [-46.602414042558586, 178.39678499056933, 16.30034126046005],
      "footprintHalfExtents": [7.573032073974609, 5.274511062073014],
      "id": "duck-6",
      "inputPath": "rohan/Duck.glb",
      "surfaceIndex": 230,
      "position": [-47.83262723642145, 177.4879601966467, 16.639135659717184],
      "scale": 9.152895107828185,
      "yaw": 0,
      "supportNormal": [0, 1, 0],
      "centroidDistance": 0.25000000000000144,
      "worldAabbMin": [-54.175446116533195, 178.39678499056933, 11.025830198387037],
      "worldAabbMax": [-39.02938196858398, 192.49596208122725, 21.574852322533065]
    },
    {
      "center": [-45.78300633057934, 121.23404517217617, 153.5433289705265],
      "footprintHalfExtents": [8.792184104919434, 6.123633422939014],
      "id": "duck-7",
      "inputPath": "rohan/Duck.glb",
      "surfaceIndex": 171,
      "position": [-47.21126660771645, 120.17891232324193, 153.9366645199983],
      "scale": 10.626382946085437,
      "yaw": 0,
      "supportNormal": [0, 1, 0],
      "centroidDistance": 0.5499999999999965,
      "worldAabbMin": [-54.57519043549877, 121.23404517217617, 147.41969554758748],
      "worldAabbMax": [-36.990822225659905, 137.60299218019628, 159.66696239346552]
    },
    {
      "center": [-45.919787198067766, 115.8275985717774, -242.34398874627297],
      "footprintHalfExtents": [3.431036376953126, 2.3896689130376516],
      "id": "duck-8",
      "inputPath": "rohan/Duck.glb",
      "surfaceIndex": 139,
      "position": [-46.477147338407946, 115.41584659479298, -242.19049462439358],
      "scale": 4.146808802951875,
      "yaw": 0,
      "supportNormal": [0, 1, 0],
      "centroidDistance": 0.45000000000000523,
      "worldAabbMin": [-49.35082357502089, 115.8275985717774, -244.7336576593106],
      "worldAabbMax": [-42.48875082111464, 122.21536888763222, -239.95431983323533]
    },
    {
      "center": [-46.83396777110748, 117.44370015462235, 200.79716624505087],
      "footprintHalfExtents": [6.079799909591674, 4.234495716522344],
      "id": "duck-9",
      "inputPath": "rohan/Duck.glb",
      "surfaceIndex": 145,
      "position": [-47.82161050017101, 116.7140752374225, 201.06915798334714],
      "scale": 7.348149368112983,
      "yaw": 0,
      "supportNormal": [0, 1, 0],
      "centroidDistance": 0.45000000000000234,
      "worldAabbMin": [-52.91376768069916, 117.44370015462235, 196.56267052852854],
      "worldAabbMax": [-40.75416786151581, 128.76283557670567, 205.03166196157323]
    },
    {
      "center": [-46.93961009207991, 178.79992370032843, -13.645027594181817],
      "footprintHalfExtents": [7.588283958435057, 5.285133786566755],
      "id": "duck-10",
      "inputPath": "rohan/Duck.glb",
      "surfaceIndex": 232,
      "position": [-48.172300902478824, 177.88926855752885, -13.305550872047556],
      "scale": 9.171328794269701,
      "yaw": 1.5707963267948966,
      "supportNormal": [0, 1, 0],
      "centroidDistance": 0.5499999999999999,
      "worldAabbMin": [-54.527894050514966, 178.79992370032843, -18.930161380748572],
      "worldAabbMax": [-39.351326133644854, 192.927496157317, -8.359893807615062]
    },
    {
      "center": [-73.64476372002676, 123.5384318033854, 56.027948098544016],
      "footprintHalfExtents": [3.326879882812501, 2.3171253696900083],
      "id": "duck-11",
      "inputPath": "rohan/Duck.glb",
      "surfaceIndex": 180,
      "position": [-74.18520399365218, 123.13917944391196, 56.176782575975004],
      "scale": 4.020923496200768,
      "yaw": 0,
      "supportNormal": [0, 1, 0],
      "centroidDistance": 0.2500000000000001,
      "worldAabbMin": [-76.97164360283926, 123.5384318033854, 53.71082272885401],
      "worldAabbMax": [-70.31788383721427, 129.73228760234844, 58.34507346823403]
    },
    {
      "center": [-46.24491990981225, 121.87200164794916, 137.44984627057582],
      "footprintHalfExtents": [4.64727783203125, 3.2367640984663955],
      "id": "duck-12",
      "inputPath": "rohan/Duck.glb",
      "surfaceIndex": 175,
      "position": [-46.99985432031854, 121.3142909084804, 137.6577513323667],
      "scale": 5.616778869813065,
      "yaw": 0,
      "supportNormal": [0, 1, 0],
      "centroidDistance": 0.44999999999998685,
      "worldAabbMin": [-50.8921977418435, 121.87200164794916, 134.21308217210944],
      "worldAabbMax": [-41.597642077781, 130.52412308402128, 140.68661036904223]
    },
    {
      "center": [-45.94413788997803, 119.96589914957679, 185.11314366838016],
      "footprintHalfExtents": [3.983758544921875, 2.7746321827989098],
      "id": "duck-13",
      "inputPath": "rohan/Duck.glb",
      "surfaceIndex": 159,